theta1,theta2,e1,e2,e3,e4,e5,e6,e7,e8,e9,e10,energy
2.5,87.5,-0.055014810865246996,-0.0013640274461872155,269.9310362627101,-0.05600321182079819,-107.83048876169573,-3662.7782189765385,5.376702497200681,0.15410120017013895,0.9730950468700669,88.22508633896837,-3406.0610684424464
2.5,82.5,-0.011303436469994139,-0.0015573644942987357,269.0567863710478,-0.05213647104539515,-107.83048876169573,-3662.7782189765385,5.376702497200681,0.15410120017013895,1.5810299408859196,76.06646560931841,-3418.4386193916207
2.5,77.5,2.6310859153587383,-0.0017576388449186133,216.20903993140024,-0.04813098439511867,-107.83048876169573,-3662.7782189765385,5.376702497200681,0.15410120017013895,2.266076407134655,62.36605800396345,-3481.6555324062456
2.5,72.5,10.763213459809078,-0.001962269324134906,53.56648154889035,-0.044038375016772935,-107.83048876169573,-3662.7782189765385,5.376702497200681,0.15410120017013895,2.9800927061782567,48.08507152108163,-3649.7290454492445
2.5,67.5,13.456247681664822,-0.0021686808146954826,-0.2942103289099514,-0.03991014514230323,-107.83048876169573,-3662.7782189765385,5.376702497200681,0.15410120017013895,3.680482713121386,34.077039608733,-3714.200423192211
2.5,62.5,13.501363420352089,-0.002373952301498294,-1.1965245085113678,-0.03580471482862928,-107.83048876169573,-3662.7782189765385,5.376702497200681,0.15410120017013895,4.316283388347684,21.3614281272435,-3727.1335322805617
2.5,57.5,13.462954651509888,-0.0025745250889602344,-0.4284168253132317,-0.0317932588972029,-107.83048876169573,-3662.7782189765385,5.376702497200681,0.15410120017013895,4.818145054936964,11.324157694480014,-3735.9354312492355
2.5,52.5,13.449760689996028,-0.0027661667432570163,-0.1644728686369179,-0.02796042639254638,-107.83048876169573,-3662.7782189765385,5.376702497200681,0.15410120017013895,5.148123520068336,4.725073273832175,-3741.95014601874
2.5,47.5,13.445190190720838,-0.0029443258295888987,-0.07305630341997232,-0.024397244301454176,-107.83048876169573,-3662.7782189765385,5.376702497200681,0.15410120017013895,5.279255777525804,2.1022476994003187,-3744.3516082467672
2.5,42.5,13.443391034232647,-0.0031048367867760832,-0.03707266750238742,-0.021187025013602975,-107.83048876169573,-3662.7782189765385,5.376702497200681,0.15410120017013895,5.328746326432619,1.1125980961241784,-3745.254533113376
2.5,37.5,13.442590178264686,-0.0032446982441257572,-0.021073481723705663,-0.01838979604312119,-107.83048876169573,-3662.7782189765385,5.376702497200681,0.15410120017013895,5.35082586218675,0.6713905946453372,-3745.655805381777
2.5,32.5,13.442197448410862,-0.003362553919532667,-0.013198770443186606,-0.01603268292260652,-107.83048876169573,-3662.7782189765385,5.376702497200681,0.15410120017013895,5.362000915892352,0.4476926587322054,-3745.858607025113
2.5,27.5,13.441986170994983,-0.0034586700305716893,-0.008995428857984475,-0.014110360791420484,-107.83048876169573,-3662.7782189765385,5.376702497200681,0.15410120017013895,5.368194094385688,0.32346434182926254,-3745.9708238933335
2.5,22.5,13.441867769035163,-0.003534497305747682,-0.006610212075162568,-0.012593815225095244,-107.83048876169573,-3662.7782189765385,5.376702497200681,0.15410120017013895,5.371858510454642,0.2500495378890872,-3746.0368667480902
2.5,17.5,13.441797240261923,-0.0035920757691925405,-0.005202485788571123,-0.01144224616266511,-107.83048876169573,-3662.7782189765385,5.376702497200681,0.15410120017013895,5.374144058251034,0.20509186381289052,-3746.0771076862575
2.5,12.5,13.441755879569788,-0.0036335099247621497,-0.004364366676050039,-0.010613562325127545,-107.83048876169573,-3662.7782189765385,5.376702497200681,0.15410120017013895,5.375488800384778,0.17748886512300963,-3746.1017819347117
2.5,7.5,13.441731504816575,-0.003660611196370598,-0.0038895394384557127,-0.010071537185585434,-107.83048876169573,-3662.7782189765385,5.376702497200681,0.15410120017013895,5.3763184486057956,0.16147677015751033,-3746.1159990051037
2.5,2.5,13.44171251444316,-0.0036747004338622134,-0.0036747004338622173,-0.009789752445040462,-107.83048876169573,-3662.7782189765385,5.376702497200681,0.15410120017013895,5.376658673610298,0.1541011994103763,-3746.1225708067122
7.5,87.5,-0.055016498532989073,-0.0013302729000208397,269.9313115755745,-0.061256867734454976,-107.83048876169573,-3662.7782189765385,5.376299811940373,0.1614767698511269,0.9730950468700669,88.22508633896837,-3406.059041834197
7.5,82.5,-0.011304900227287975,-0.001528101103353836,269.05706718412404,-0.05730030369308587,-107.83048876169573,-3662.7782189765385,5.376299811940373,0.1614767698511269,1.5810299408859196,76.06646560931841,-3418.436501727138
7.5,77.5,2.6310848787038554,-0.0017366886826108575,216.2092959122528,-0.05312855260812855,-107.83048876169573,-3662.7782189765385,5.376299811940373,0.1614767698511269,2.266076407134655,62.36605800396345,-3481.653281195678
7.5,72.5,10.76321340203534,-0.0019536758315082605,53.56671893884607,-0.04878880924505526,-107.83048876169573,-3662.7782189765385,5.376299811940373,0.1614767698511269,2.9800927061782567,48.08507152108163,-3649.7265770733775
7.5,67.5,13.456247557712961,-0.0021764459580266445,-0.29398909662661366,-0.04433340704514645,-107.83048876169573,-3662.7782189765385,5.376299811940373,0.1614767698511269,3.680482713121386,34.077039608733,-3714.197660226505
7.5,62.5,13.50136501789826,-0.002401717959896476,-1.1963233438748362,-0.03982796608893011,-107.83048876169573,-3662.7782189765385,5.376299811940373,0.1614767698511269,4.316283388347684,21.3614281272435,-3727.130407650877
7.5,57.5,13.462959321047197,-0.0026251842227167405,-0.42823855598679583,-0.03535864152796584,-107.83048876169573,-3662.7782189765385,5.376299811940373,0.1614767698511269,4.818145054936964,11.324157694480014,-3735.931891467716
7.5,52.5,13.449781614825266,-0.0028414481390793347,-0.16431922147351727,-0.031033362995109642,-107.83048876169573,-3662.7782189765385,5.376299811940373,0.1614767698511269,5.148123520068336,4.725073273832175,-3741.946146780325
7.5,47.5,13.445194634315468,-0.0030444827874896124,-0.07292753209514756,-0.026972670463954497,-107.83048876169573,-3662.7782189765385,5.376299811940373,0.1614767698511269,5.279255777525804,2.1022476994003187,-3744.3471777305476
7.5,42.5,13.443397594049314,-0.0032285999205811707,-0.03696750238850068,-0.02329032750679609,-107.83048876169573,-3662.7782189765385,5.376299811940373,0.1614767698511269,5.328746326432619,1.1125980961241784,-3745.249675569652
7.5,37.5,13.442597406304781,-0.0033895670598356677,-0.020989422299815645,-0.020070984736446803,-107.83048876169573,-3662.7782189765385,5.376299811940373,0.1614767698511269,5.35082586218675,0.6713905946453372,-3745.6505672674016
7.5,32.5,13.442200036763603,-0.0035253298743538088,-0.013132618139916891,-0.017355728406266955,-107.83048876169573,-3662.7782189765385,5.376299811940373,0.1614767698511269,5.362000915892352,0.4476926587322054,-3745.853051221475
7.5,27.5,13.44199584556126,-0.0036360213151800016,-0.008943851889060864,-0.015141899668454395,-107.83048876169573,-3662.7782189765385,5.376299811940373,0.1614767698511269,5.368194094385688,0.32346434182926254,-3745.9649986475392
7.5,22.5,13.441877867059446,-0.0037233779634834405,-0.006570164483867979,-0.013394767102410407,-107.83048876169573,-3662.7782189765385,5.376299811940373,0.1614767698511269,5.371858510454642,0.2500495378890872,-3746.0308335505893
7.5,17.5,13.44180663372381,-0.003789941581666525,-0.0051714233849584085,-0.012063493974344518,-107.83048876169573,-3662.7782189765385,5.376299811940373,0.1614767698511269,5.374144058251034,0.20509186381289052,-3746.070913459596
7.5,12.5,13.441765495567116,-0.003838369570476976,-0.004340298109322323,-0.011094933313894703,-107.83048876169573,-3662.7782189765385,5.376299811940373,0.1614767698511269,5.375488800384778,0.17748886512300963,-3746.0954615963615
7.5,7.5,13.441741692810519,-0.003870983968769802,-0.003870983968618572,-0.01044264701375683,-107.83048876169573,-3662.7782189765385,5.376299811940373,0.1614767698511269,5.3763184486057956,0.16147677015751033,-3746.10957885982
7.5,2.5,13.441731625182825,-0.0038895394384556967,-0.0036606111963705945,-0.010071537185585434,-107.83048876169573,-3662.7782189765385,5.376299811940373,0.1614767698511269,5.376658673610298,0.1541011994103763,-3746.1160613460597
12.5,87.5,-0.05501517667369061,-0.001356708152864238,269.9317690582433,-0.07076673360203597,-107.83048876169573,-3662.7782189765385,5.3754557914248595,0.1774888673914488,0.9730950468700669,88.22508633896837,-3406.052951253765
12.5,82.5,-0.011302711931761406,-0.0015718385893926615,269.05753749116377,-0.06646412465643928,-107.83048876169573,-3662.7782189765385,5.3754557914248595,0.1774888673914488,1.5810299408859196,76.06646560931841,-3418.4300687132272
12.5,77.5,2.631088350028163,-0.0018031522405904566,216.20972663902546,-0.06183785166715987,-107.83048876169573,-3662.7782189765385,5.3754557914248595,0.1774888673914488,2.266076407134655,62.36605800396345,-3481.646454683174
12.5,72.5,10.763218124395399,-0.0020484971231918892,53.56712658396673,-0.056930953972335635,-107.83048876169573,-3662.7782189765385,5.3754557914248595,0.1774888673914488,2.9800927061782567,48.08507152108163,-3649.719233594891
12.5,67.5,13.456253998787558,-0.002305105868638356,-0.2936158917246397,-0.051798779802477705,-107.83048876169573,-3662.7782189765385,5.3754557914248595,0.1774888673914488,3.680482713121386,34.077039608733,-3714.189706536172
12.5,62.5,13.501372254113827,-0.0025690567769125596,-1.1959887568569614,-0.04651976037675813,-107.83048876169573,-3662.7782189765385,5.3754557914248595,0.1774888673914488,4.316283388347684,21.3614281272435,-3727.1217568837237
12.5,57.5,13.46297135824861,-0.002834765791966233,-0.4279462083559518,-0.04120558072907473,-107.83048876169573,-3662.7782189765385,5.3754557914248595,0.1774888673914488,4.818145054936964,11.324157694480014,-3735.9224755266296
12.5,52.5,13.449776860652852,-0.0030948761390381767,-0.16407072115441795,-0.036003373739907155,-107.83048876169573,-3662.7782189765385,5.3754557914248595,0.1774888673914488,5.148123520068336,4.725073273832175,-3741.9359583958985
12.5,47.5,13.445211539316237,-0.003340912081998432,-0.07272203297699241,-0.031082653851374077,-107.83048876169573,-3662.7782189765385,5.3754557914248595,0.1774888673914488,5.279255777525804,2.1022476994003187,-3744.3361936620863
12.5,42.5,13.443414022852483,-0.0035647355025437083,-0.036801709451817974,-0.02660618688807287,-107.83048876169573,-3662.7782189765385,5.3754557914248595,0.1774888673914488,5.328746326432619,1.1125980961241784,-3745.237977265851
12.5,37.5,13.442617204642945,-0.0037602593963577046,-0.020858186106568758,-0.022695708073395476,-107.83048876169573,-3662.7782189765385,5.3754557914248595,0.1774888673914488,5.35082586218675,0.6713905946453372,-3745.638243571519
12.5,32.5,13.442223846376628,-0.0039245503356518455,-0.013029910054261788,-0.019409889972774506,-107.83048876169573,-3662.7782189765385,5.3754557914248595,0.1774888673914488,5.362000915892352,0.4476926587322054,-3745.8402100087796
12.5,27.5,13.442016370100966,-0.0040578172002057504,-0.008863719250155949,-0.016744551773292062,-107.83048876169573,-3662.7782189765385,5.3754557914248595,0.1774888673914488,5.368194094385688,0.32346434182926254,-3745.951754361326
12.5,22.5,13.441898946365106,-0.004162510711165118,-0.006507368729047031,-0.01465068206713546,-107.83048876169573,-3662.7782189765385,5.3754557914248595,0.1774888673914488,5.371858510454642,0.2500495378890872,-3746.0172766462165
12.5,17.5,13.441828245475737,-0.004242149768018753,-0.005121703063401086,-0.013057900767867392,-107.83048876169573,-3662.7782189765385,5.3754557914248595,0.1774888673914488,5.374144058251034,0.20509186381289052,-3746.0571206654777
12.5,12.5,13.441788424776416,-0.004300361780923658,-0.004300361780923666,-0.011893660873053092,-107.83048876169573,-3662.7782189765385,5.3754557914248595,0.1774888673914488,5.375488800384778,0.17748886512300963,-3746.081491373569
12.5,7.5,13.441765508187913,-0.004340298109322309,-0.0038383695703055353,-0.011094933313894701,-107.83048876169573,-3662.7782189765385,5.3754557914248595,0.1774888673914488,5.3763184486057956,0.16147677015751033,-3746.0954759534607
12.5,2.5,13.441753845057473,-0.004364366676050025,-0.003633509924762111,-0.010613562325127553,-107.83048876169573,-3662.7782189765385,5.3754557914248595,0.1774888673914488,5.376658673610298,0.1541011994103763,-3746.101860800266
17.5,87.5,-0.05501062796238827,-0.001447683642169922,269.93257146221106,-0.08653828861955828,-107.83048876169573,-3662.7782189765385,5.374153133808609,0.20509186775677568,0.9730950468700669,88.22508633896837,-3406.0417064888434
17.5,82.5,-0.011296474399174491,-0.0016965822044831245,269.0583139956962,-0.08156031763900153,-107.83048876169573,-3662.7782189765385,5.374153133808609,0.20509186775677568,1.5810299408859196,76.06646560931841,-3418.4182065650107
17.5,77.5,2.6310965935562374,-0.0019701745275798924,216.21045492577684,-0.07608847107375385,-107.83048876169573,-3662.7782189765385,5.374153133808609,0.20509186775677568,2.266076407134655,62.36605800396345,-3481.6338354518384
17.5,72.5,10.763229445305637,-0.002266667369442775,53.567788054451974,-0.07015861425360836,-107.83048876169573,-3662.7782189765385,5.374153133808609,0.20509186775677568,2.9800927061782567,48.08507152108163,-3649.705706291274
17.5,67.5,13.456276151062285,-0.0025830703465215517,-0.29301426764988814,-0.06383055451936769,-107.83048876169573,-3662.7782189765385,5.374153133808609,0.20509186775677568,3.680482713121386,34.077039608733,-3714.175092156268
17.5,62.5,13.501390248532234,-0.0029143728777247012,-1.1954545164087804,-0.057204504177801395,-107.83048876169573,-3662.7782189765385,5.374153133808609,0.20509186775677568,4.316283388347684,21.3614281272435,-3727.1059343660095
17.5,57.5,13.46299199004446,-0.003252737209990195,-0.42748462682569327,-0.050437216759653146,-107.83048876169573,-3662.7782189765385,5.374153133808609,0.20509186775677568,4.818145054936964,11.324157694480014,-3735.9053425780025
17.5,52.5,13.449781384480131,-0.0035872972548134014,-0.16368358915649261,-0.04374601666532716,-107.83048876169573,-3662.7782189765385,5.374153133808609,0.20509186775677568,5.148123520068336,4.725073273832175,-3741.9175014613647
17.5,47.5,13.445237777205568,-0.0039052195073338864,-0.07240678688393992,-0.03738757173823244,-107.83048876169573,-3662.7782189765385,5.374153133808609,0.20509186775677568,5.279255777525804,2.1022476994003187,-3744.3164210606665
17.5,42.5,13.443445665739976,-0.004194137979973772,-0.03655155865082703,-0.03160920209205192,-107.83048876169573,-3662.7782189765385,5.374153133808609,0.20509186775677568,5.328746326432619,1.1125980961241784,-3745.2170275470944
17.5,37.5,13.4426501089148,-0.004445000539751662,-0.02066337397509988,-0.02659194987557027,-107.83048876169573,-3662.7782189765385,5.374153133808609,0.20509186775677568,5.35082586218675,0.6713905946453372,-3745.616296495312
17.5,32.5,13.442262252244511,-0.004653785937739633,-0.012879592403670632,-0.022416243036143504,-107.83048876169573,-3662.7782189765385,5.374153133808609,0.20509186775677568,5.362000915892352,0.4476926587322054,-3745.8174565311774
17.5,27.5,13.44203493760983,-0.004821294575356774,-0.008747643349285513,-0.019066069455431666,-107.83048876169573,-3662.7782189765385,5.374153133808609,0.20509186775677568,5.368194094385688,0.32346434182926254,-3745.928404370224
17.5,22.5,13.441938619123901,-0.004951547861731552,-0.00641685263359687,-0.01646100472389171,-107.83048876169573,-3662.7782189765385,5.374153133808609,0.20509186775677568,5.371858510454642,0.2500495378890872,-3745.9934454744202
17.5,17.5,13.441870455432365,-0.005049912607933921,-0.005049912607867791,-0.014493707766040233,-107.83048876169573,-3662.7782189765385,5.374153133808609,0.20509186775677568,5.374144058251034,0.20509186381289052,-3746.032949892154
17.5,12.5,13.4418282454951,-0.005121703063189713,-0.004242149768090367,-0.013057900767867394,-107.83048876169573,-3662.7782189765385,5.374153133808609,0.20509186775677568,5.375488800384778,0.17748886512300963,-3746.057078579265
17.5,7.5,13.441806628182496,-0.0051714233849583235,-0.0037899415816512226,-0.012063493972856129,-107.83048876169573,-3662.7782189765385,5.374153133808609,0.20509186775677568,5.3763184486057956,0.16147677015751033,-3746.0708857486625
17.5,2.5,13.441798301247832,-0.005202485788576155,-0.0035920757691925605,-0.011442246163125043,-107.83048876169573,-3662.7782189765385,5.374153133808609,0.20509186775677568,5.376658673610298,0.1541011994103763,-3746.0771413701214
22.5,87.5,-0.055002098625934755,-0.0016182727438561282,269.9338808909742,-0.11243260169193774,-107.83048876169573,-3662.7782189765385,5.371810032974202,0.25004953828446086,0.9730950468700669,88.22508633896837,-3406.0238388632242
22.5,82.5,-0.011285037843130981,-0.0019253360467040108,269.05952009784954,-0.1062913356803888,-107.83048876169573,-3662.7782189765385,5.371810032974202,0.25004953828446086,1.5810299408859196,76.06646560931841,-3418.3993342284916
22.5,77.5,2.6311116422548744,-0.0022715647027244344,216.2115972590567,-0.09936676272546126,-107.83048876169573,-3662.7782189765385,5.371810032974202,0.25004953828446086,2.266076407134655,62.36605800396345,-3481.6136431819937
22.5,72.5,10.763249233104625,-0.0026560608497565876,53.568863784793024,-0.09167683955256052,-107.83048876169573,-3662.7782189765385,5.371810032974202,0.25004953828446086,2.9800927061782567,48.08507152108163,-3649.6839038222197
22.5,67.5,13.456293916630084,-0.003075662878184916,-0.2920415708926651,-0.08328480095052006,-107.83048876169573,-3662.7782189765385,5.371810032974202,0.25004953828446086,3.680482713121386,34.077039608733,-3714.151433963212
22.5,62.5,13.501421182567832,-0.003523479859446772,-1.1945983208460471,-0.07432845936001772,-107.83048876169573,-3662.7782189765385,5.371810032974202,0.25004953828446086,4.316283388347684,21.3614281272435,-3727.080165728882
22.5,57.5,13.463028913505283,-0.0039874301381102656,-0.42675401454280343,-0.06504945322150511,-107.83048876169573,-3662.7782189765385,5.371810032974202,0.25004953828446086,4.818145054936964,11.324157694480014,-3735.8773074019555
22.5,52.5,13.449845786156478,-0.004449867828943525,-0.16308085480154128,-0.055800700082474314,-107.83048876169573,-3662.7782189765385,5.371810032974202,0.25004953828446086,5.148123520068336,4.725073273832175,-3741.8871370096317
22.5,47.5,13.445288180841061,-0.004889601856168246,-0.07192586484044063,-0.0470060191538592,-107.83048876169573,-3662.7782189765385,5.371810032974202,0.25004953828446086,5.279255777525804,2.1022476994003187,-3744.283877995059
22.5,42.5,13.443494707317369,-0.005286498897268568,-0.03617861483743308,-0.03906807847731344,-107.83048876169573,-3662.7782189765385,5.371810032974202,0.25004953828446086,5.328746326432619,1.1125980961241784,-3745.1825422293127
22.5,37.5,13.442708750417127,-0.005626633505058545,-0.02037970221767034,-0.03226538550564732,-107.83048876169573,-3662.7782189765385,5.371810032974202,0.25004953828446086,5.35082586218675,0.6713905946453372,-3745.5801946809543
22.5,32.5,13.442323859916591,-0.005904944243391501,-0.012665445973810025,-0.026699171714437774,-107.83048876169573,-3662.7782189765385,5.371810032974202,0.25004953828446086,5.362000915892352,0.4476926587322054,-3745.780100294366
22.5,27.5,13.442117871538244,-0.006124218277560866,-0.008585262317316484,-0.022313689594113926,-107.83048876169573,-3662.7782189765385,5.371810032974202,0.25004953828446086,5.368194094385688,0.32346434182926254,-3745.8900950294114
22.5,22.5,13.442007265366298,-0.006291892040119596,-0.006291892040241299,-0.01896021545311742,-107.83048876169573,-3662.7782189765385,5.371810032974202,0.25004953828446086,5.371858510454642,0.2500495378890872,-3745.9544768527985
22.5,17.5,13.44193861887893,-0.006416852633589753,-0.004951547861727213,-0.016461004732713384,-107.83048876169573,-3662.7782189765385,5.371810032974202,0.25004953828446086,5.374144058251034,0.20509186381289052,-3745.9935030312604
22.5,12.5,13.441898917587562,-0.006507368729073806,-0.004162510711091701,-0.014650682067135448,-107.83048876169573,-3662.7782189765385,5.371810032974202,0.25004953828446086,5.375488800384778,0.17748886512300963,-3746.0172921453873
22.5,7.5,13.441877884760123,-0.006570164483773579,-0.0037233779637803888,-0.013394767102410433,-107.83048876169573,-3662.7782189765385,5.371810032974202,0.25004953828446086,5.3763184486057956,0.16147677015751033,-3746.030863373002
22.5,2.5,13.441868312627063,-0.00661021207517458,-0.0035344973224391524,-0.012593815225095232,-107.83048876169573,-3662.7782189765385,5.371810032974202,0.25004953828446086,5.376658673610298,0.1541011994103763,-3746.03695850595
27.5,87.5,-0.054988057915821405,-0.0018990831151320842,269.9360463727425,-0.15603727489803743,-107.83048876169573,-3662.7782189765385,5.3682124140347165,0.3234643462023652,0.9730950468700669,88.22508633896837,-3405.9957276353452
27.5,82.5,-0.011266080532857922,-0.002304480151956158,269.0616143652473,-0.147929334230574,-107.83048876169573,-3662.7782189765385,5.3682124140347165,0.3234643462023652,1.5810299408859196,76.06646560931841,-3418.369420957461
27.5,77.5,2.6311368568680145,-0.0027755709988738137,216.21355981469588,-0.13850751692351437,-107.83048876169573,-3662.7782189765385,5.3682124140347165,0.3234643462023652,2.266076407134655,62.36605800396345,-3481.5814829832575
27.5,72.5,10.76328075509567,-0.0033139412090825112,53.570667802729375,-0.1277401133766768,-107.83048876169573,-3662.7782189765385,5.3682124140347165,0.3234643462023652,2.9800927061782567,48.08507152108163,-3649.648972247498
27.5,67.5,13.456335038832107,-0.003916750974539418,-0.29042164631393796,-0.11568391758362041,-107.83048876169573,-3662.7782189765385,5.3682124140347165,0.3234643462023652,3.680482713121386,34.077039608733,-3714.113195932183
27.5,62.5,13.501473231272747,-0.004573679715854556,-1.1931874753314644,-0.10254534266124035,-107.83048876169573,-3662.7782189765385,5.3682124140347165,0.3234643462023652,4.316283388347684,21.3614281272435,-3727.038152728842
27.5,57.5,13.463093026639234,-0.0052638718137455924,-0.4255694122500581,-0.08874150094659433,-107.83048876169573,-3662.7782189765385,5.3682124140347165,0.3234643462023652,4.818145054936964,11.324157694480014,-3735.8312099869513
27.5,52.5,13.449919791009505,-0.005955273593360811,-0.16212521478413555,-0.07491346537929262,-107.83048876169573,-3662.7782189765385,5.3682124140347165,0.3234643462023652,5.148123520068336,4.725073273832175,-3741.836908346844
27.5,47.5,13.445373945897886,-0.006609259392926832,-0.07118447814239605,-0.0618337493238161,-107.83048876169573,-3662.7782189765385,5.3682124140347165,0.3234643462023652,5.279255777525804,2.1022476994003187,-3744.2297810420328
27.5,42.5,13.44359438376401,-0.0071906048976503965,-0.03562167680594821,-0.0502068390307562,-107.83048876169573,-3662.7782189765385,5.3682124140347165,0.3234643462023652,5.328746326432619,1.1125980961241784,-3745.1251112924106
27.5,37.5,13.442811308038571,-0.0076775704137537456,-0.01996959507040931,-0.04046752923850216,-107.83048876169573,-3662.7782189765385,5.3682124140347165,0.3234643462023652,5.35082586218675,0.6713905946453372,-3745.520117907849
27.5,32.5,13.442432455090634,-0.008065532636513736,-0.012364990318449098,-0.032708285106333515,-107.83048876169573,-3662.7782189765385,5.3682124140347165,0.3234643462023652,5.362000915892352,0.4476926587322054,-3745.7180437563434
27.5,27.5,13.442233262925988,-0.008363114450522575,-0.008363114450517887,-0.026756648379109058,-107.83048876169573,-3662.7782189765385,5.3682124140347165,0.3234643462023652,5.368194094385688,0.32346434182926254,-3745.8266221561366
27.5,22.5,13.442117871551677,-0.008585262317318912,-0.006124218277560839,-0.022313689590944003,-107.83048876169573,-3662.7782189765385,5.3682124140347165,0.3234643462023652,5.371858510454642,0.2500495378890872,-3745.8900282282875
27.5,17.5,13.442055478629628,-0.008747643349286497,-0.004821294575360692,-0.019066069455431694,-107.83048876169573,-3662.7782189765385,5.3682124140347165,0.3234643462023652,5.374144058251034,0.20509186381289052,-3745.9283745846838
27.5,12.5,13.442016370428435,-0.008863719250168834,-0.004057817200198202,-0.0167445517719926,-107.83048876169573,-3662.7782189765385,5.3682124140347165,0.3234643462023652,5.375488800384778,0.17748886512300963,-3745.9517030302836
27.5,7.5,13.441995445340668,-0.008943851889060935,-0.0036360213151088168,-0.015141899668454311,-107.83048876169573,-3662.7782189765385,5.3682124140347165,0.3234643462023652,5.3763184486057956,0.16147677015751033,-3745.964962086766
27.5,2.5,13.441985884016734,-0.00899542885800243,-0.003458670030605153,-0.014110360791420534,-107.83048876169573,-3662.7782189765385,5.3682124140347165,0.3234643462023652,5.376658673610298,0.1541011994103763,-3745.97084968064
32.5,87.5,-0.054965663177870584,-0.002346981061346835,269.939903654187,-0.23306847018713386,-107.83048876169573,-3662.7782189765385,5.36197533618415,0.4476926744161995,0.9730950468700669,88.22508633896837,-3405.951335802035
32.5,82.5,-0.011235166785095785,-0.002922731267293723,269.06529356418446,-0.22155346557151612,-107.83048876169573,-3662.7782189765385,5.36197533618415,0.4476926744161995,1.5810299408859196,76.06646560931841,-3418.3219619768693
32.5,77.5,2.631178878190924,-0.0036168179443023495,216.21701884481686,-0.20767173225346855,-107.83048876169573,-3662.7782189765385,5.36197533618415,0.4476926744161995,2.266076407134655,62.36605800396345,-3481.529996143726
32.5,72.5,10.763337537499677,-0.0044380416252285315,53.573840811315705,-0.19124725819215474,-107.83048876169573,-3662.7782189765385,5.36197533618415,0.4476926744161995,2.9800927061782567,48.08507152108163,-3649.592382451376
32.5,67.5,13.45641292545118,-0.005385956782912116,-0.2875914437068086,-0.17228895555689197,-107.83048876169573,-3662.7782189765385,5.36197533618415,0.4476926744161995,3.680482713121386,34.077039608733,-3714.050370836375
32.5,62.5,13.501568362267074,-0.00644334911514285,-1.1907576889088287,-0.15114110873490194,-107.83048876169573,-3662.7782189765385,5.36197533618415,0.4476926744161995,4.316283388347684,21.3614281272435,-3726.968101996535
32.5,57.5,13.463208355161704,-0.007568821248747716,-0.4235749038025253,-0.12863166634083192,-107.83048876169573,-3662.7782189765385,5.36197533618415,0.4476926744161995,4.818145054936964,11.324157694480014,-3735.7533040144476
32.5,52.5,13.450057490868234,-0.008695941487433632,-0.16056642695754744,-0.10608926117178494,-107.83048876169573,-3662.7782189765385,5.36197533618415,0.4476926744161995,5.148123520068336,4.725073273832175,-3741.7511370724824
32.5,47.5,13.445530424436285,-0.009746273243678978,-0.07002203433298246,-0.08508262600333243,-107.83048876169573,-3662.7782189765385,5.36197533618415,0.4476926744161995,5.279255777525804,2.1022476994003187,-3744.136856759852
32.5,42.5,13.443769347090697,-0.010654222241749799,-0.034785836474798826,-0.06692364618964812,-107.83048876169573,-3662.7782189765385,5.36197533618415,0.4476926744161995,5.328746326432619,1.1125980961241784,-3745.026289662893
32.5,37.5,13.442998430195704,-0.011387613507768552,-0.01938018059564629,-0.05225581895028244,-107.83048876169573,-3662.7782189765385,5.36197533618415,0.4476926744161995,5.35082586218675,0.6713905946453372,-3745.41684845366
32.5,32.5,13.44262435327208,-0.011949548018436134,-0.01194954801843607,-0.04101713055283443,-107.83048876169573,-3662.7782189765385,5.36197533618415,0.4476926744161995,5.362000915892352,0.4476926587322054,-3745.6116380263275
32.5,27.5,13.442432455157464,-0.012364990318449285,-0.008065532636282827,-0.03270828510633352,-107.83048876169573,-3662.7782189765385,5.36197533618415,0.4476926744161995,5.368194094385688,0.32346434182926254,-3745.718087644323
32.5,22.5,13.442323859944027,-0.012665445973810032,-0.005904944243374372,-0.02669917171394848,-107.83048876169573,-3662.7782189765385,5.36197533618415,0.4476926744161995,5.371858510454642,0.2500495378890872,-3745.7800773812774
32.5,17.5,13.442262252070087,-0.01287959240367055,-0.004653785937739553,-0.02241624303614358,-107.83048876169573,-3662.7782189765385,5.36197533618415,0.4476926744161995,5.374144058251034,0.20509186381289052,-3745.8174911748774
32.5,12.5,13.442224617608037,-0.013029910054235903,-0.0039245503361277495,-0.01940988997277456,-107.83048876169573,-3662.7782189765385,5.36197533618415,0.4476926744161995,5.375488800384778,0.17748886512300963,-3745.8402017948815
32.5,7.5,13.442200990267144,-0.01313261813991601,-0.0035253298766283014,-0.017355728406266986,-107.83048876169573,-3662.7782189765385,5.36197533618415,0.4476926744161995,5.3763184486057956,0.16147677015751033,-3745.8530571950264
32.5,2.5,13.442197678202673,-0.013198770443186474,-0.0033625539195537932,-0.0160326829226065,-107.83048876169573,-3662.7782189765385,5.36197533618415,0.4476926744161995,5.376658673610298,0.1541011994103763,-3745.8586761836964
37.5,87.5,-0.05492962167726972,-0.003067809896596008,269.94718053463083,-0.3785032326585727,-107.83048876169573,-3662.7782189765385,5.350774139079809,0.6713905231284177,0.9730950468700669,88.22508633896837,-3405.8776818197884
37.5,82.5,-0.011183620161679324,-0.003953698168169796,269.0723212886741,-0.36078546735144335,-107.83048876169573,-3662.7782189765385,5.350774139079809,0.6713905231284177,1.5810299408859196,76.06646560931841,-3418.2426490228286
37.5,77.5,2.6312516681939893,-0.0050721461183510005,216.22355676882458,-0.33841650832777737,-107.83048876169573,-3662.7782189765385,5.350774139079809,0.6713905231284177,2.266076407134655,62.36605800396345,-3481.443088882355
37.5,72.5,10.763438296529289,-0.006454230136259695,53.57981860033368,-0.310774827814014,-107.83048876169573,-3662.7782189765385,5.350774139079809,0.6713905231284177,2.9800927061782567,48.08507152108163,-3649.495351009853
37.5,67.5,13.45654398640831,-0.008109822568386976,-0.28232268474619104,-0.277662979431477,-107.83048876169573,-3662.7782189765385,5.350774139079809,0.6713905231284177,3.680482713121386,34.077039608733,-3713.940572254509
37.5,62.5,13.501746013246796,-0.01000549616895043,-1.1863272666325637,-0.23974950750268983,-107.83048876169573,-3662.7782189765385,5.350774139079809,0.6713905231284177,4.316283388347684,21.3614281272435,-3726.843167817492
37.5,57.5,13.463435117791377,-0.012043464852106812,-0.42005698072318753,-0.1989901338936282,-107.83048876169573,-3662.7782189765385,5.350774139079809,0.6713905231284177,4.818145054936964,11.324157694480014,-3735.6118957882863
37.5,52.5,13.45032589669663,-0.014063552294496623,-0.15794147054174407,-0.15858838503224829,-107.83048876169573,-3662.7782189765385,5.350774139079809,0.6713905231284177,5.148123520068336,4.725073273832175,-3741.593613793297
37.5,47.5,13.445837254786907,-0.015888439735376216,-0.0681716338692145,-0.12209063609832801,-107.83048876169573,-3662.7782189765385,5.350774139079809,0.6713905231284177,5.279255777525804,2.1022476994003187,-3743.965353054016
37.5,42.5,13.44410548837113,-0.017393360949635856,-0.03353240816152414,-0.09199221167873164,-107.83048876169573,-3662.7782189765385,5.350774139079809,0.6713905231284177,5.328746326432619,1.1125980961241784,-3744.8440111458876
37.5,37.5,13.443356038443994,-0.018544351872378774,-0.018544351872378767,-0.06897239357107587,-107.83048876169573,-3662.7782189765385,5.350774139079809,0.6713905231284177,5.35082586218675,0.6713905946453372,-3745.2270316780655
37.5,32.5,13.442998423704058,-0.01938018059564621,-0.011387613507768606,-0.05225581895028249,-107.83048876169573,-3662.7782189765385,5.350774139079809,0.6713905231284177,5.362000915892352,0.4476926587322054,-3745.416874690751
37.5,27.5,13.442811214211261,-0.019969595070409157,-0.007677570413745675,-0.040467529238502095,-107.83048876169573,-3662.7782189765385,5.350774139079809,0.6713905231284177,5.368194094385688,0.32346434182926254,-3745.5201881203225
37.5,22.5,13.442708752696873,-0.020379702217670114,-0.005626633505058613,-0.03226538551740014,-107.83048876169573,-3662.7782189765385,5.350774139079809,0.6713905231284177,5.371858510454642,0.2500495378890872,-3745.5801979962253
37.5,17.5,13.442650914479199,-0.0206633739750997,-0.004445000539751649,-0.026591949876659478,-107.83048876169573,-3662.7782189765385,5.350774139079809,0.6713905231284177,5.374144058251034,0.20509186381289052,-3745.616356563874
37.5,12.5,13.442616303450317,-0.0208581861065694,-0.0037602593963220643,-0.022695708073395517,-107.83048876169573,-3662.7782189765385,5.350774139079809,0.6713905231284177,5.375488800384778,0.17748886512300963,-3745.638263260644
37.5,7.5,13.44259718136988,-0.020989422299815333,-0.0033895670598610727,-0.020070984736252736,-107.83048876169573,-3662.7782189765385,5.350774139079809,0.6713905231284177,5.3763184486057956,0.16147677015751033,-3745.6506006499885
37.5,2.5,13.442590219452729,-0.021073481722822678,-0.0032446982441193613,-0.018389796043121173,-107.83048876169573,-3662.7782189765385,5.350774139079809,0.6713905231284177,5.376658673610298,0.1541011994103763,-3745.6559009595626
42.5,87.5,-0.05486972040774215,-0.004265836721842638,269.9621378476413,-0.6773236411873054,-107.83048876169573,-3662.7782189765385,5.328784255960454,1.1125981151540536,0.9730950468700669,88.22508633896837,-3405.743465331957
42.5,82.5,-0.011093470513753756,-0.00575662816722357,269.08658615307024,-0.6475078124898922,-107.83048876169573,-3662.7782189765385,5.328784255960454,1.1125981151540536,1.5810299408859196,76.06646560931841,-3418.097601575016
42.5,77.5,2.631385752982932,-0.0077549390098280825,216.23700824396718,-0.6075415948601319,-107.83048876169573,-3662.7782189765385,5.328784255960454,1.1125981151540536,2.266076407134655,62.36605800396345,-3481.2820934929414
42.5,72.5,10.763633794427525,-0.010367060166486709,53.5920448938103,-0.5552991721270845,-107.83048876169573,-3662.7782189765385,5.328784255960454,1.1125981151540536,2.9800927061782567,48.08507152108163,-3649.3121486839154
42.5,67.5,13.456821337769906,-0.013644366712105567,-0.27171819108292833,-0.4897530419365452,-107.83048876169573,-3662.7782189765385,5.328784255960454,1.1125981151540536,3.680482713121386,34.077039608733,-3713.7280973072275
42.5,62.5,13.502120476746242,-0.017504570220001407,-1.1776872965764058,-0.412548971741369,-107.83048876169573,-3662.7782189765385,5.328784255960454,1.1125981151540536,4.316283388347684,21.3614281272435,-3726.5952342133205
42.5,57.5,13.463909978452643,-0.021662153833224847,-0.413536622757863,-0.32939729971390436,-107.83048876169573,-3662.7782189765385,5.328784255960454,1.1125981151540536,4.818145054936964,11.324157694480014,-3735.3257087155553
42.5,52.5,13.450901659937601,-0.025663064654377465,-0.15340193579347824,-0.24937908253172228,-107.83048876169573,-3662.7782189765385,5.328784255960454,1.1125981151540536,5.148123520068336,4.725073273832175,-3741.2716709962615
42.5,47.5,13.446496992911438,-0.0290737268184432,-0.06521787363061918,-0.18116583940519926,-107.83048876169573,-3662.7782189765385,5.328784255960454,1.1125981151540536,5.279255777525804,2.1022476994003187,-3743.614782337137
42.5,42.5,13.444819980075954,-0.0316838771664759,-0.03168387716647598,-0.128962832401008,-107.83048876169573,-3662.7782189765385,5.328784255960454,1.1125981151540536,5.328746326432619,1.1125980961241784,-3744.473491551221
42.5,37.5,13.444105487433411,-0.03353240816152433,-0.01739336094963572,-0.09199221167873145,-107.83048876169573,-3662.7782189765385,5.328784255960454,1.1125981151540536,5.35082586218675,0.6713905946453372,-3744.8439214036443
42.5,32.5,13.443769350826978,-0.03478583647479908,-0.010654222241749703,-0.06692364618964854,-107.83048876169573,-3662.7782189765385,5.328784255960454,1.1125981151540536,5.362000915892352,0.4476926587322054,-3745.0262261465746
42.5,27.5,13.44359483382154,-0.03562167680594821,-0.007190604897649987,-0.05020683903075603,-107.83048876169573,-3662.7782189765385,5.328784255960454,1.1125981151540536,5.368194094385688,0.32346434182926254,-3745.125091217818
42.5,22.5,13.44349470704518,-0.03617861483743265,-0.005286498897264895,-0.03906807847659449,-107.83048876169573,-3662.7782189765385,5.328784255960454,1.1125981151540536,5.371858510454642,0.2500495378890872,-3745.182455803942
42.5,17.5,13.443445665632883,-0.03655155865082743,-0.004194137979970243,-0.03160920209371694,-107.83048876169573,-3662.7782189765385,5.328784255960454,1.1125981151540536,5.374144058251034,0.20509186381289052,-3745.2169986781473
42.5,12.5,13.443414022852103,-0.03680170945181809,-0.0035647355024242574,-0.02660618699183019,-107.83048876169573,-3662.7782189765385,5.328784255960454,1.1125981151540536,5.375488800384778,0.17748886512300963,-3745.2379063107064
42.5,7.5,13.443397168589433,-0.03696750238846873,-0.0032285999205811607,-0.023290327519109498,-107.83048876169573,-3662.7782189765385,5.328784255960454,1.1125981151540536,5.3763184486057956,0.16147677015751033,-3745.2496194095957
42.5,2.5,13.443391136068396,-0.03707266750221482,-0.003104836793057479,-0.021187025013602888,-107.83048876169573,-3662.7782189765385,5.328784255960454,1.1125981151540536,5.376658673610298,0.1541011994103763,-3745.25453888734
47.5,87.5,-0.05476515590101037,-0.006357117914061207,269.996157399946,-1.35838095443537,-107.83048876169573,-3662.7782189765385,5.279226466103629,2.102247862402978,0.9730950468700669,88.22508633896837,-3405.452397852194
47.5,82.5,-0.010924577817489933,-0.009134485634369147,269.11936112289834,-1.3028336020833389,-107.83048876169573,-3662.7782189765385,5.279226466103629,2.102247862402978,1.5810299408859196,76.06646560931841,-3417.78326940216
47.5,77.5,2.63165638402738,-0.013167357974875973,216.26773350092895,-1.2221761543284404,-107.83048876169573,-3662.7782189765385,5.279226466103629,2.102247862402978,2.266076407134655,62.36605800396345,-3480.9310526259765
47.5,72.5,10.76406013986486,-0.018848473434586153,53.619706704539084,-1.108553844543077,-107.83048876169573,-3662.7782189765385,5.279226466103629,2.102247862402978,2.9800927061782567,48.08507152108163,-3648.9057046560415
47.5,67.5,13.457460194011572,-0.026402843443880875,-0.24833253361687865,-0.9574664455512428,-107.83048876169573,-3662.7782189765385,5.279226466103629,2.102247862402978,3.680482713121386,34.077039608733,-3713.2444527164735
47.5,62.5,13.503021887442682,-0.03554006461687839,-1.1595786455648591,-0.7747220223175678,-107.83048876169573,-3662.7782189765385,5.279226466103629,2.102247862402978,4.316283388347684,21.3614281272435,-3726.0163407391933
47.5,57.5,13.46509098647707,-0.04520127551556319,-0.40093159816523355,-0.5814978040353076,-107.83048876169573,-3662.7782189765385,5.279226466103629,2.102247862402978,4.818145054936964,11.324157694480014,-3734.6474703515496
47.5,52.5,13.452316850018633,-0.05390271152469083,-0.14549743577686594,-0.4074690831303972,-107.83048876169573,-3662.7782189765385,5.279226466103629,2.102247862402978,5.148123520068336,4.725073273832175,-3740.5085889962406
47.5,47.5,13.448073283557711,-0.060614349564379215,-0.06061434956437423,-0.2732363227823644,-107.83048876169573,-3662.7782189765385,5.279226466103629,2.102247862402978,5.279255777525804,2.1022476994003187,-3742.792121671155
47.5,42.5,13.446496993900727,-0.06521787363061837,-0.02907372681844645,-0.1811658394052353,-107.83048876169573,-3662.7782189765385,5.279226466103629,2.102247862402978,5.328746326432619,1.1125980961241784,-3743.614849433124
47.5,37.5,13.445837603489796,-0.06817163386921485,-0.015888439735376483,-0.12209063609832808,-107.83048876169573,-3662.7782189765385,5.279226466103629,2.102247862402978,5.35082586218675,0.6713905946453372,-3743.9653300591085
47.5,32.5,13.445530532948473,-0.0700220343329833,-0.009746273243709077,-0.0850826260031592,-107.83048876169573,-3662.7782189765385,5.279226466103629,2.102247862402978,5.362000915892352,0.4476926587322054,-3744.1368602357347
47.5,27.5,13.445373946075788,-0.07118447814239588,-0.0066092593929420115,-0.06183374932381604,-107.83048876169573,-3662.7782189765385,5.279226466103629,2.102247862402978,5.368194094385688,0.32346434182926254,-3744.229828514296
47.5,22.5,13.445288180747582,-0.07192586484044104,-0.0048896018564066526,-0.04700601912312803,-107.83048876169573,-3662.7782189765385,5.279226466103629,2.102247862402978,5.371858510454642,0.2500495378890872,-3744.283858666456
47.5,17.5,13.445237525910699,-0.0724067868839398,-0.0039052195074555244,-0.03738757170476616,-107.83048876169573,-3662.7782189765385,5.279226466103629,2.102247862402978,5.374144058251034,0.20509186381289052,-3744.316459539849
47.5,12.5,13.44521153971761,-0.07272203297699142,-0.003340912082057784,-0.031082653852981677,-107.83048876169573,-3662.7782189765385,5.279226466103629,2.102247862402978,5.375488800384778,0.17748886512300963,-3744.3361898034145
47.5,7.5,13.445194958039611,-0.07292753209514652,-0.0030444827874896393,-0.02697267046408801,-107.83048876169573,-3662.7782189765385,5.279226466103629,2.102247862402978,5.3763184486057956,0.16147677015751033,-3744.3471879182716
47.5,2.5,13.445190437005335,-0.07305630341996779,-0.002944325829737032,-0.024397244301430625,-107.83048876169573,-3662.7782189765385,5.279226466103629,2.102247862402978,5.376658673610298,0.1541011994103763,-3744.3516809732528
52.5,87.5,-0.054570722797187006,-0.010245786741373936,270.08386722307347,-3.112502063802771,-107.83048876169573,-3662.7782189765385,5.148110223048086,4.725073572646836,0.9730950468700669,88.22508633896837,-3404.6307939069684
52.5,82.5,-0.010578279635092808,-0.016060469894650035,269.2039634096365,-2.9962084018335378,-107.83048876169573,-3662.7782189765385,5.148110223048086,4.725073572646836,1.5810299408859196,76.06646560931841,-3416.9069121340613
52.5,77.5,2.63227212188963,-0.025479905296531387,216.34697676507355,-2.807819693067574,-107.83048876169573,-3662.7782189765385,5.148110223048086,4.725073572646836,2.266076407134655,62.36605800396345,-3479.9574402428416
52.5,72.5,10.76512378309824,-0.04016167890571527,53.68998917026909,-2.5141842230286904,-107.83048876169573,-3662.7782189765385,5.148110223048086,4.725073572646836,2.9800927061782567,48.08507152108163,-3647.769592663846
52.5,67.5,13.45920357207919,-0.06110288054426576,-0.19143783156117233,-2.0953601920962197,-107.83048876169573,-3662.7782189765385,5.148110223048086,4.725073572646836,3.680482713121386,34.077039608733,-3711.8666989528074
52.5,62.5,13.5055785409349,-0.08672172819295394,-1.1191655830055007,-1.5829832408210807,-107.83048876169573,-3662.7782189765385,5.148110223048086,4.725073572646836,4.316283388347684,21.3614281272435,-3724.3411044380327
52.5,57.5,13.468435226259896,-0.11211508824530834,-0.37625068623284813,-1.0751160388893257,-107.83048876169573,-3662.7782189765385,5.148110223048086,4.725073572646836,4.818145054936964,11.324157694480014,-3732.6882677802296
52.5,52.5,13.456234062062089,-0.13221695202008596,-0.13221695202008885,-0.673078759977631,-107.83048876169573,-3662.7782189765385,5.148110223048086,4.725073572646836,5.148123520068336,4.725073273832175,-3738.3436057505946
52.5,47.5,13.452316925099982,-0.14549743577686688,-0.05390271152469158,-0.4074690831303944,-107.83048876169573,-3662.7782189765385,5.148110223048086,4.725073572646836,5.279255777525804,2.1022476994003187,-3740.508572770945
52.5,42.5,13.450901510835338,-0.15340193579348085,-0.025663064654366543,-0.2493790825317222,-107.83048876169573,-3662.7782189765385,5.148110223048086,4.725073572646836,5.328746326432619,1.1125980961241784,-3741.2717220921263
52.5,37.5,13.450324547895612,-0.1579414705417433,-0.014063552294573635,-0.1585883850322224,-107.83048876169573,-3662.7782189765385,5.148110223048086,4.725073572646836,5.35082586218675,0.6713905946453372,-3741.5935763456796
52.5,32.5,13.450057486801361,-0.1605664269575481,-0.008695941487488701,-0.10608926117172596,-107.83048876169573,-3662.7782189765385,5.148110223048086,4.725073572646836,5.362000915892352,0.4476926587322054,-3741.75112451073
52.5,27.5,13.449919791013755,-0.1621252147841369,-0.00595527359443803,-0.07491346537929278,-107.83048876169573,-3662.7782189765385,5.148110223048086,4.725073572646836,5.368194094385688,0.32346434182926254,-3741.836939669068
52.5,22.5,13.449845786060452,-0.16308085480153972,-0.0044498678291326615,-0.05580070008238296,-107.83048876169573,-3662.7782189765385,5.148110223048086,4.725073572646836,5.371858510454642,0.2500495378890872,-3741.8871015308478
52.5,17.5,13.449781042639483,-0.16368358915649178,-0.0035872972546258527,-0.04374601666532724,-107.83048876169573,-3662.7782189765385,5.148110223048086,4.725073572646836,5.374144058251034,0.20509186381289052,-3741.9175238809116
52.5,12.5,13.449777391641256,-0.16407072115496932,-0.0030948761391623144,-0.03600337373981362,-107.83048876169573,-3662.7782189765385,5.148110223048086,4.725073572646836,5.375488800384778,0.17748886512300963,-3741.935937856424
52.5,7.5,13.449781609980477,-0.16431922146870653,-0.0028414481389433775,-0.031033362995176575,-107.83048876169573,-3662.7782189765385,5.148110223048086,4.725073572646836,5.3763184486057956,0.16147677015751033,-3741.946141146398
52.5,2.5,13.449760656936801,-0.16447286863721647,-0.0027661667432033214,-0.027960426386129087,-107.83048876169573,-3662.7782189765385,5.148110223048086,4.725073572646836,5.376658673610298,0.1541011994103763,-3741.950202874348
57.5,87.5,-0.05418109823064757,-0.018038281816842437,270.34024384071193,-8.239364114355556,-107.83048876169573,-3662.7782189765385,4.818151683240226,11.32415896009262,0.9730950468700669,88.22508633896837,-3403.239555362754
57.5,82.5,-0.009784194742193648,-0.0319421880152928,269.4522729956541,-7.961285998182427,-107.83048876169573,-3662.7782189765385,4.818151683240226,11.32415896009262,1.5810299408859196,76.06646560931841,-3415.369640929983
57.5,77.5,2.633904392043293,-0.0581255132871926,216.5785156472811,-7.43761948821182,-107.83048876169573,-3662.7782189765385,4.818151683240226,11.32415896009262,2.266076407134655,62.36605800396345,-3478.117587645978
57.5,72.5,10.768350493089597,-0.10470801006457263,53.88957877252136,-6.505969562777324,-107.83048876169573,-3662.7782189765385,4.818151683240226,11.32415896009262,2.9800927061782567,48.08507152108163,-3645.3539811748724
57.5,67.5,13.464927997629669,-0.17576293837277646,-0.04196231758705161,-5.084870998382284,-107.83048876169573,-3662.7782189765385,4.818151683240226,11.32415896009262,3.680482713121386,34.077039608733,-3708.54654302976
57.5,62.5,13.514209178865777,-0.259292990846284,-1.0276012479407237,-3.41426995097984,-107.83048876169573,-3662.7782189765385,4.818151683240226,11.32415896009262,4.316283388347684,21.3614281272435,-3719.9756405902117
57.5,57.5,13.479358165383108,-0.33056309926646166,-0.3305630992664721,-1.9888677842142897,-107.83048876169573,-3662.7782189765385,4.818151683240226,11.32415896009262,4.818145054936964,11.324157694480014,-3727.4947301628486
57.5,52.5,13.468435159867923,-0.3762506862328493,-0.11211508824530872,-1.0751160388893108,-107.83048876169573,-3662.7782189765385,4.818151683240226,11.32415896009262,5.148123520068336,4.725073273832175,-3732.6882469545008
57.5,47.5,13.465090645354234,-0.4009315981652395,-0.04520127551556347,-0.5814978040353009,-107.83048876169573,-3662.7782189765385,4.818151683240226,11.32415896009262,5.279255777525804,2.1022476994003187,-3734.6474336503375
57.5,42.5,13.4639099785379,-0.41353662275785896,-0.021662153833198184,-0.3293972997136889,-107.83048876169573,-3662.7782189765385,4.818151683240226,11.32415896009262,5.328746326432619,1.1125980961241784,-3735.3257387701115
57.5,37.5,13.463431164366416,-0.42005698072318004,-0.012043464852168161,-0.1989901338936272,-107.83048876169573,-3662.7782189765385,4.818151683240226,11.32415896009262,5.35082586218675,0.6713905946453372,-3735.611840053172
57.5,32.5,13.463208352014783,-0.42357490380251883,-0.007568821248562587,-0.12863166634082698,-107.83048876169573,-3662.7782189765385,4.818151683240226,11.32415896009262,5.362000915892352,0.4476926587322054,-3735.7532705596545
57.5,27.5,13.463093032717095,-0.4255694122500502,-0.005263871813798806,-0.08874150094659385,-107.83048876169573,-3662.7782189765385,4.818151683240226,11.32415896009262,5.368194094385688,0.32346434182926254,-3735.83122041098
57.5,22.5,13.463028777998176,-0.4267540145427994,-0.003987430138243728,-0.06504945322335176,-107.83048876169573,-3662.7782189765385,4.818151683240226,11.32415896009262,5.371858510454642,0.2500495378890872,-3735.877251166464
57.5,17.5,13.462991665521573,-0.4274846268257755,-0.0032527372101393637,-0.050437216749648794,-107.83048876169573,-3662.7782189765385,4.818151683240226,11.32415896009262,5.374144058251034,0.20509186381289052,-3735.9053440881016
57.5,12.5,13.462971785758638,-0.42794620835594616,-0.0028347657920251615,-0.04120558073250856,-107.83048876169573,-3662.7782189765385,4.818151683240226,11.32415896009262,5.375488800384778,0.17748886512300963,-3735.922434198516
57.5,7.5,13.46295992810437,-0.42823855598731797,-0.002625184223108479,-0.03535864152853182,-107.83048876169573,-3662.7782189765385,4.818151683240226,11.32415896009262,5.3763184486057956,0.16147677015751033,-3735.931864329773
57.5,2.5,13.46295872592546,-0.42841682528732583,-0.0025745250889795237,-0.03179325889720274,-107.83048876169573,-3662.7782189765385,4.818151683240226,11.32415896009262,5.376658673610298,0.1541011994103763,-3735.9354631052292
62.5,87.5,-0.05333527535259211,-0.03495473802133575,271.09160534930743,-23.267200122915046,-107.83048876169573,-3662.7782189765385,4.3162935006207315,21.36143810249195,0.9730950468700669,88.22508633896837,-3407.9966795362643
62.5,82.5,-0.007718012452043431,-0.07326580000635408,270.17926076385896,-22.500979241608533,-107.83048876169573,-3662.7782189765385,4.3162935006207315,21.36143810249195,1.5810299408859196,76.06646560931841,-3419.6861828751253
62.5,77.5,2.639017493309887,-0.1603893920872726,217.2445549525472,-20.758507137190012,-107.83048876169573,-3662.7782189765385,4.3162935006207315,21.36143810249195,2.266076407134655,62.36605800396345,-3481.3341658074437
62.5,72.5,10.779724349819091,-0.3321784898346863,54.430419911314395,-17.322725129087654,-107.83048876169573,-3662.7782189765385,4.3162935006207315,21.36143810249195,2.9800927061782567,48.08507152108163,-3646.3105712656507
62.5,67.5,13.485214207961715,-0.5814718006660158,0.3206371173917708,-12.336858929370102,-107.83048876169573,-3662.7782189765385,4.3162935006207315,21.36143810249195,3.680482713121386,34.077039608733,-3706.2859332179496
62.5,62.5,13.543429356902209,-0.8436618935999469,-0.8436618935999516,-7.093057065567621,-107.83048876169573,-3662.7782189765385,4.3162935006207315,21.36143810249195,4.316283388347684,21.3614281272435,-3714.490216115396
62.5,57.5,13.51420912380823,-1.0276012479405314,-0.25929299084629287,-3.414269950979817,-107.83048876169573,-3662.7782189765385,4.3162935006207315,21.36143810249195,4.818145054936964,11.324157694480014,-3719.975628451663
62.5,52.5,13.505578579503922,-1.1191655830054779,-0.08672172819295199,-1.582983240821073,-107.83048876169573,-3662.7782189765385,4.3162935006207315,21.36143810249195,5.148123520068336,4.725073273832175,-3724.341071313737
62.5,47.5,13.503021886957578,-1.1595786455648514,-0.03554006461688245,-0.7747220223175684,-107.83048876169573,-3662.7782189765385,4.3162935006207315,21.36143810249195,5.279255777525804,2.1022476994003187,-3726.0162915037376
62.5,42.5,13.502120476797382,-1.1776872965763876,-0.017504570219968263,-0.4125489717413758,-107.83048876169573,-3662.7782189765385,4.3162935006207315,21.36143810249195,5.328746326432619,1.1125980961241784,-3726.595252074305
62.5,37.5,13.501745869636856,-1.1863272666325544,-0.010005496169004069,-0.23974950750269122,-107.83048876169573,-3662.7782189765385,4.3162935006207315,21.36143810249195,5.35082586218675,0.6713905946453372,-3726.843096078957
62.5,32.5,13.501568361820198,-1.1907576889088185,-0.0064433490413948295,-0.15114110873491074,-107.83048876169573,-3662.7782189765385,4.3162935006207315,21.36143810249195,5.362000915892352,0.4476926587322054,-3726.968056345362
62.5,27.5,13.501473018660871,-1.1931874753314584,-0.004573679715862079,-0.10254534265354669,-107.83048876169573,-3662.7782189765385,4.3162935006207315,21.36143810249195,5.368194094385688,0.32346434182926254,-3727.038151177947
62.5,22.5,13.501418770461653,-1.1945983208460293,-0.003523479859446781,-0.0743284593647957,-107.83048876169573,-3662.7782189765385,4.3162935006207315,21.36143810249195,5.371858510454642,0.2500495378890872,-3727.0800995763866
62.5,17.5,13.50139640459929,-1.195454516409473,-0.002914372877731136,-0.057204504168871344,-107.83048876169573,-3662.7782189765385,4.3162935006207315,21.36143810249195,5.374144058251034,0.20509186381289052,-3727.1059172019145
62.5,12.5,13.50137308507941,-1.195988756856959,-0.00256905677679174,-0.04651976037254948,-107.83048876169573,-3662.7782189765385,4.3162935006207315,21.36143810249195,5.375488800384778,0.17748886512300963,-3727.121702958541
62.5,7.5,13.50136515478215,-1.1963233438749248,-0.0024017179598964703,-0.03982796608853061,-107.83048876169573,-3662.7782189765385,4.3162935006207315,21.36143810249195,5.3763184486057956,0.16147677015751033,-3727.1303687894997
62.5,2.5,13.501363269240526,-1.19652450851294,-0.0023739523006102705,-0.03580471482862927,-107.83048876169573,-3662.7782189765385,4.3162935006207315,21.36143810249195,5.376658673610298,0.1541011994103763,-3727.1335561685028
67.5,87.5,-0.051375048759165175,-0.07415927013348315,270.1502887742287,-4.440930818437021,-107.83048876169573,-3662.7782189765385,3.6804927047732305,34.07700418160568,0.9730950468700669,88.22508633896837,-3378.069205829118
67.5,82.5,-0.0018407613515662178,-0.1908108520349582,269.15962616527906,-2.107898748788842,-107.83048876169573,-3662.7782189765385,3.6804927047732305,34.07700418160568,1.5810299408859196,76.06646560931841,-3388.3446394985467
67.5,77.5,2.653250513475435,-0.44504962126360553,216.0577913821557,2.9768765892127926,-107.83048876169573,-3662.7782189765385,3.6804927047732305,34.07700418160568,2.266076407134655,62.36605800396345,-3446.9762075771764
67.5,72.5,10.775251775065952,-0.24273402174700123,53.617751392860065,-1.069435645983074,-107.83048876169573,-3662.7782189765385,3.6804927047732305,34.07700418160568,2.9800927061782567,48.08507152108163,-3618.705213124399
67.5,67.5,13.425720307104449,0.6083834245403131,0.6083834245400104,-18.091784938010356,-107.83048876169573,-3662.7782189765385,3.6804927047732305,34.07700418160568,3.680482713121386,34.077039608733,-3698.542986311826
67.5,62.5,13.48521427412983,0.3206371173918502,-0.5814718006659696,-12.336858929370168,-107.83048876169573,-3662.7782189765385,3.6804927047732305,34.07700418160568,4.316283388347684,21.3614281272435,-3706.2859786747786
67.5,57.5,13.464928202364938,-0.04196231758707865,-0.17576293837277884,-5.084870998382269,-107.83048876169573,-3662.7782189765385,3.6804927047732305,34.07700418160568,4.818145054936964,11.324157694480014,-3708.546576154415
67.5,52.5,13.45920352638489,-0.19143783156119681,-0.06110288054426581,-2.095360192096247,-107.83048876169573,-3662.7782189765385,3.6804927047732305,34.07700418160568,5.148123520068336,4.725073273832175,-3711.866711435772
67.5,47.5,13.45746014095689,-0.2483325336169047,-0.026402843443889566,-0.957466445551226,-107.83048876169573,-3662.7782189765385,3.6804927047732305,34.07700418160568,5.279255777525804,2.1022476994003187,-3713.2444490565845
67.5,42.5,13.456821337424577,-0.271718191082931,-0.013644366712120111,-0.48975304193654,-107.83048876169573,-3662.7782189765385,3.6804927047732305,34.07700418160568,5.328746326432619,1.1125980961241784,-3713.728160691605
67.5,37.5,13.456544263898742,-0.2823226847462143,-0.00810982256840523,-0.2776629794314819,-107.83048876169573,-3662.7782189765385,3.6804927047732305,34.07700418160568,5.35082586218675,0.6713905946453372,-3713.94054561787
67.5,32.5,13.45641291571975,-0.28759144370684303,-0.005385956783052736,-0.1722889555568907,-107.83048876169573,-3662.7782189765385,3.6804927047732305,34.07700418160568,5.362000915892352,0.4476926587322054,-3714.0503707175576
67.5,27.5,13.456335026848107,-0.2904216463139534,-0.003916750975006272,-0.11568391758362008,-107.83048876169573,-3662.7782189765385,3.6804927047732305,34.07700418160568,5.368194094385688,0.32346434182926254,-3714.113239703665
67.5,22.5,13.45629303675195,-0.2920415708629547,-0.0030756628781840483,-0.08328480094888574,-107.83048876169573,-3662.7782189765385,3.6804927047732305,34.07700418160568,5.371858510454642,0.2500495378890872,-3714.1514118014493
67.5,17.5,13.456276154021234,-0.2930142676499361,-0.002583070346521549,-0.06383055451894443,-107.83048876169573,-3662.7782189765385,3.6804927047732305,34.07700418160568,5.374144058251034,0.20509186381289052,-3714.175126668285
67.5,12.5,13.456254584681231,-0.2936158917246746,-0.0023051058686383527,-0.051798779802618496,-107.83048876169573,-3662.7782189765385,3.6804927047732305,34.07700418160568,5.375488800384778,0.17748886512300963,-3714.189698379062
67.5,7.5,13.456248212230562,-0.2939890965032672,-0.0021764459579003206,-0.044333407045146246,-107.83048876169573,-3662.7782189765385,3.6804927047732305,34.07700418160568,5.3763184486057956,0.16147677015751033,-3714.1976663703676
67.5,2.5,13.456247884479387,-0.2942103294589842,-0.002168680813776334,-0.03991014514230297,-107.83048876169573,-3662.7782189765385,3.6804927047732305,34.07700418160568,5.376658673610298,0.1541011994103763,-3714.2004922497704
72.5,87.5,-0.046853680498175905,-0.16458662490795342,216.1993762439991,1074.577310838485,-107.83048876169573,-3662.7782189765385,2.9800891213151695,48.08497015285972,0.9730950468700669,88.22508633896837,-2339.7802203011433
72.5,82.5,0.010958755665865346,-0.4468012060665196,215.04313574830275,1080.2216149002604,-107.83048876169573,-3662.7782189765385,2.9800891213151695,48.08497015285972,1.5810299408859196,76.06646560931841,-2347.067244715692
72.5,77.5,2.522426428216267,2.1714332521903885,164.8137865255215,1027.8569304616815,-107.83048876169573,-3662.7782189765385,2.9800891213151695,48.08497015285972,2.266076407134655,62.36605800396345,-2457.546937385351
72.5,72.5,9.210938949485387,31.04354065070723,31.04354065056374,450.41478537587363,-107.83048876169573,-3662.7782189765385,2.9800891213151695,48.08497015285972,2.9800927061782567,48.08507152108163,-3146.7656786101693
72.5,67.5,10.775251838720012,53.6177513687259,-0.2427340217469939,-1.069435649796915,-107.83048876169573,-3662.7782189765385,2.9800891213151695,48.08497015285972,3.680482713121386,34.077039608733,-3618.7052926063025
72.5,62.5,10.779724349824377,54.4304233164213,-0.3321784898346799,-17.322725129087406,-107.83048876169573,-3662.7782189765385,2.9800891213151695,48.08497015285972,4.316283388347684,21.3614281272435,-3646.3106929011446
72.5,57.5,10.768350563364859,53.88957878361946,-0.1047080100645746,-6.505969562776342,-107.83048876169573,-3662.7782189765385,2.9800891213151695,48.08497015285972,4.818145054936964,11.324157694480014,-3645.354093940499
72.5,52.5,10.765123783108303,53.689989162934175,-0.04016167890571418,-2.514184223028699,-107.83048876169573,-3662.7782189765385,2.9800891213151695,48.08497015285972,5.148123520068336,4.725073273832175,-3647.769684626051
72.5,47.5,10.764060139864842,53.61970670453786,-0.01884847343457698,-1.1085538445430811,-107.83048876169573,-3662.7782189765385,2.9800891213151695,48.08497015285972,5.279255777525804,2.1022476994003187,-3648.9057804607082
72.5,42.5,10.763633794427642,53.59204489381163,-0.010367060166502861,-0.5552991721270896,-107.83048876169573,-3662.7782189765385,2.9800891213151695,48.08497015285972,5.328746326432619,1.1125980961241784,-3649.3122915855565
72.5,37.5,10.763438281737422,53.57981860589846,-0.006454230136154325,-0.3107748278140185,-107.83048876169573,-3662.7782189765385,2.9800891213151695,48.08497015285972,5.35082586218675,0.6713905946453372,-3649.4954041775413
72.5,32.5,10.763337537320778,53.57384081131584,-0.0044380416250851895,-0.19124725819215568,-107.83048876169573,-3662.7782189765385,2.9800891213151695,48.08497015285972,5.362000915892352,0.4476926587322054,-3649.5924618406157
72.5,27.5,10.76328138263583,53.57066780272932,-0.003313941209065235,-0.12774011337667757,-107.83048876169573,-3662.7782189765385,2.9800891213151695,48.08497015285972,5.368194094385688,0.32346434182926254,-3649.649094897065
72.5,22.5,10.763249166228631,53.56886378171519,-0.002656060849573682,-0.09167683955076655,-107.83048876169573,-3662.7782189765385,2.9800891213151695,48.08497015285972,5.371858510454642,0.2500495378890872,-3649.683960368172
72.5,17.5,10.763229428556787,53.56778805445113,-0.002266667369442769,-0.07015861425443129,-107.83048876169573,-3662.7782189765385,2.9800891213151695,48.08497015285972,5.374144058251034,0.20509186381289052,-3649.7058203406114
72.5,12.5,10.763218235670504,53.56712658396681,-0.002048497123191879,-0.056930953972335545,-107.83048876169573,-3662.7782189765385,2.9800891213151695,48.08497015285972,5.375488800384778,0.17748886512300963,-3649.71930543001
72.5,7.5,10.76321339800954,53.56671898076773,-0.0019536758315082544,-0.048788809245054986,-107.83048876169573,-3662.7782189765385,2.9800891213151695,48.08497015285972,5.3763184486057956,0.16147677015751033,-3649.7266633515956
72.5,2.5,10.763213536530083,53.566481405956225,-0.0019622692823808587,-0.044038375016772845,-107.83048876169573,-3662.7782189765385,2.9800891213151695,48.08497015285972,5.376658673610298,0.1541011994103763,-3649.7291942928514
77.5,87.5,-0.03810995392424279,-0.3394611672134344,53.3821601920941,4330.921846095128,-107.83048876169573,-3662.7782189765385,2.2659941945345277,62.36543918621831,0.9730950468700669,88.22508633896837,767.1473421944409
77.5,82.5,-0.0008201601425065956,-0.21122286980946559,52.63636408494078,4328.357072619094,-107.83048876169573,-3662.7782189765385,2.2659941945345277,62.36543918621831,1.5810299408859196,76.06646560931841,752.4516148668049
77.5,77.5,1.08291554726484,30.961650359584713,30.961650358168882,3704.899907583585,-107.83048876169573,-3662.7782189765385,2.2659941945345277,62.36543918621831,2.266076407134655,62.36605800396345,126.56098390222027
77.5,72.5,2.5224264282162956,164.81378654007042,2.1714332522230437,1027.8569292462523,-107.83048876169573,-3662.7782189765385,2.2659941945345277,62.36543918621831,2.9800927061782567,48.08507152108163,-2457.5475346634594
77.5,67.5,2.6532505134754545,216.05779102919055,-0.4450496212636012,2.9768765891979716,-107.83048876169573,-3662.7782189765385,2.2659941945345277,62.36543918621831,3.680482713121386,34.077039608733,-3446.976883525027
77.5,62.5,2.6390174933108317,217.24455697801807,-0.16038939208727132,-20.75850713718922,-107.83048876169573,-3662.7782189765385,2.2659941945345277,62.36543918621831,4.316283388347684,21.3614281272435,-3481.334884899838
77.5,57.5,2.6339043920866088,216.57851673692247,-0.058125513287192156,-7.437619488211977,-107.83048876169573,-3662.7782189765385,2.2659941945345277,62.36543918621831,4.818145054936964,11.324157694480014,-3478.1182954805545
77.5,52.5,2.6322721218906464,216.3469758640139,-0.02547990529655374,-2.8078196930675876,-107.83048876169573,-3662.7782189765385,2.2659941945345277,62.36543918621831,5.148123520068336,4.725073273832175,-3479.958129176041
77.5,47.5,2.6316563840274205,216.26773478376288,-0.013167357974377727,-1.2221761543284309,-107.83048876169573,-3662.7782189765385,2.2659941945345277,62.36543918621831,5.279255777525804,2.1022476994003187,-3480.9317232250683
77.5,42.5,2.631385752982804,216.23700824397582,-0.007754939009725802,-0.6075415948601433,-107.83048876169573,-3662.7782189765385,2.2659941945345277,62.36543918621831,5.328746326432619,1.1125980961241784,-3481.2828324718357
77.5,37.5,2.6312516690567698,216.22354798640055,-0.00507214611835214,-0.33841650832777964,-107.83048876169573,-3662.7782189765385,2.2659941945345277,62.36543918621831,5.35082586218675,0.6713905946453372,-3481.443746899638
77.5,32.5,2.6311788768763393,216.2170193202856,-0.0036168179442818776,-0.20767173225346855,-107.83048876169573,-3662.7782189765385,2.2659941945345277,62.36543918621831,5.362000915892352,0.4476926587322054,-3481.530671135893
77.5,27.5,2.6311368549639287,216.21355981394277,-0.0027755709987236023,-0.13850751692351537,-107.83048876169573,-3662.7782189765385,2.2659941945345277,62.36543918621831,5.368194094385688,0.32346434182926254,-3481.5822023402825
77.5,22.5,2.6311116422331864,216.21159725500297,-0.0022715647032863304,-0.0993667627196994,-107.83048876169573,-3662.7782189765385,2.2659941945345277,62.36543918621831,5.371858510454642,0.2500495378890872,-3481.6142957393245
77.5,17.5,2.6310965960952064,216.21045492578128,-0.001970174527513471,-0.076088471073957,-107.83048876169573,-3662.7782189765385,2.2659941945345277,62.36543918621831,5.374144058251034,0.20509186381289052,-3481.634545559142
77.5,12.5,2.631088349900702,216.20972663902558,-0.0018031522405904587,-0.0618378516768101,-107.83048876169573,-3662.7782189765385,2.2659941945345277,62.36543918621831,5.375488800384778,0.17748886512300963,-3481.647122706965
77.5,7.5,2.631084874237913,216.2092958877046,-0.0017366886858940056,-0.05312855260812857,-107.83048876169573,-3662.7782189765385,2.2659941945345277,62.36543918621831,5.3763184486057956,0.16147677015751033,-3481.6539636180696
77.5,2.5,2.631085915344987,216.20903971357927,-0.0017576388424989777,-0.048130984395118516,-107.83048876169573,-3662.7782189765385,2.2659941945345277,62.36543918621831,5.376658673610298,0.1541011994103763,-3481.6562774787744
82.5,87.5,-0.02606536067563215,-0.5803530321835405,0.29368111967680904,5392.6912365246435,-107.83048876169573,-3662.7782189765385,1.5810312585204325,76.06649418388584,0.9730950468700669,88.22508633896837,1788.6154983414713
82.5,82.5,-0.04038663041519315,0.58010652867452,0.5801065287645202,5369.482165187297,-107.83048876169573,-3662.7782189765385,1.5810312585204325,76.06649418388584,1.5810299408859196,76.06646560931841,1755.2883048686974
82.5,77.5,-0.000820160141443202,52.636364124044874,-0.21122286980945684,4328.357080507924,-107.83048876169573,-3662.7782189765385,1.5810312585204325,76.06649418388584,2.266076407134655,62.36605800396345,752.4523537172882
82.5,72.5,0.010958755666026289,215.04313538332016,-0.44680120606653034,1080.221614901885,-107.83048876169573,-3662.7782189765385,1.5810312585204325,76.06649418388584,2.9800927061782567,48.08507152108163,-2347.0671102337633
82.5,67.5,-0.0018407613515224847,269.15962624766405,-0.19081085203495768,-2.107898748788779,-107.83048876169573,-3662.7782189765385,1.5810312585204325,76.06649418388584,3.680482713121386,34.077039608733,-3388.344584088485
82.5,62.5,-0.007718012452041726,270.17925995147584,-0.07326580000635538,-22.50097924162191,-107.83048876169573,-3662.7782189765385,1.5810312585204325,76.06649418388584,4.316283388347684,21.3614281272435,-3419.6861738828416
82.5,57.5,-0.009784194742192992,269.45226672358984,-0.03194218801529348,-7.961285998182403,-107.83048876169573,-3662.7782189765385,1.5810312585204325,76.06649418388584,4.818145054936964,11.324157694480014,-3415.3696252037607
82.5,52.5,-0.01057827964614685,269.20395851243535,-0.01606046989460121,-2.996208401833539,-107.83048876169573,-3662.7782189765385,1.5810312585204325,76.06649418388584,5.148123520068336,4.725073273832175,-3416.906874140867
82.5,47.5,-0.010924577818568983,269.1193611215491,-0.009134485638757453,-1.3028336020833455,-107.83048876169573,-3662.7782189765385,1.5810312585204325,76.06649418388584,5.279255777525804,2.1022476994003187,-3417.7832103628934
82.5,42.5,-0.011093470513752151,269.0865870246951,-0.005756628167045637,-0.6475078124899146,-107.83048876169573,-3662.7782189765385,1.5810312585204325,76.06649418388584,5.328746326432619,1.1125980961241784,-3418.0976087597464
82.5,37.5,-0.011183620161663455,269.0723146007409,-0.003953698168299311,-0.36078546735145706,-107.83048876169573,-3662.7782189765385,1.5810312585204325,76.06649418388584,5.35082586218675,0.6713905946453372,-3418.2425740239364
82.5,32.5,-0.011235166810426349,269.0652936074306,-0.0029227312672871477,-0.22155346557151429,-107.83048876169573,-3662.7782189765385,1.5810312585204325,76.06649418388584,5.362000915892352,0.4476926587322054,-3418.321906477422
82.5,27.5,-0.011266080533463048,269.0616142668534,-0.00230448015222515,-0.1479293342305982,-107.83048876169573,-3662.7782189765385,1.5810312585204325,76.06649418388584,5.368194094385688,0.32346434182926254,-3418.369409487676
82.5,22.5,-0.01128503792316157,269.0595200908096,-0.0019253360465637816,-0.10629133568060631,-107.83048876169573,-3662.7782189765385,1.5810312585204325,76.06649418388584,5.371858510454642,0.2500495378890872,-3418.399255866325
82.5,17.5,-0.011296473161732469,269.0583139956921,-0.001696582204344781,-0.08156031763900098,-107.83048876169573,-3662.7782189765385,1.5810312585204325,76.06649418388584,5.374144058251034,0.20509186381289052,-3418.4181857510766
82.5,12.5,-0.011302711740279022,269.05753749116127,-0.001571838589392666,-0.0664641246574896,-107.83048876169573,-3662.7782189765385,1.5810312585204325,76.06649418388584,5.375488800384778,0.17748886512300963,-3418.430005814146
82.5,7.5,-0.011304900115144218,269.05706730312585,-0.0015281011054208277,-0.057300303692140286,-107.83048876169573,-3662.7782189765385,1.5810312585204325,76.06649418388584,5.3763184486057956,0.16147677015751033,-3418.4364530788516
82.5,2.5,-0.011303436437397564,269.0567873725635,-0.0015573644940516497,-0.05213647104539525,-107.83048876169573,-3662.7782189765385,1.5810312585204325,76.06649418388584,5.376658673610298,0.1541011994103763,-3418.4386323222207
87.5,87.5,-0.014257953902724212,-0.8165011672958644,-0.8165011672958657,5414.8952211991655,-107.83048876169573,-3662.7782189765385,0.9730952178319866,88.22459390064301,0.9730950468700669,88.22508633896837,1821.0351236767501
87.5,82.5,-0.026065360675631904,0.2936811196768988,-0.5803530321835422,5392.69121613232,-107.83048876169573,-3662.7782189765385,0.9730952178319866,88.22459390064301,1.5810299408859196,76.06646560931841,1788.6149557895822
87.5,77.5,-0.03810995392424642,53.382160176614235,-0.3394611672134348,4330.921854015084,-107.83048876169573,-3662.7782189765385,0.9730952178319866,88.22459390064301,2.266076407134655,62.36605800396345,767.1475588618993
87.5,72.5,-0.046853680498175156,216.1993763481915,-0.16458662490795672,1074.5773108386559,-107.83048876169573,-3662.7782189765385,0.9730952178319866,88.22459390064301,2.9800927061782567,48.08507152108163,-2339.780607511058
87.5,67.5,-0.051375048759164446,270.15028877574355,-0.07415927013348404,-4.44093081843636,-107.83048876169573,-3662.7782189765385,0.9730952178319866,88.22459390064301,3.680482713121386,34.077039608733,-3378.0696726594906
87.5,62.5,-0.053335275352592894,271.0916120415164,-0.03495473802133671,-23.2672001229147,-107.83048876169573,-3662.7782189765385,0.9730952178319866,88.22459390064301,4.316283388347684,21.3614281272435,-3407.9971851989403
87.5,57.5,-0.05418109823064787,270.34022093454,-0.01803828181684266,-8.239364114355523,-107.83048876169573,-3662.7782189765385,0.9730952178319866,88.22459390064301,4.818145054936964,11.324157694480014,-3403.2400784302054
87.5,52.5,-0.0545707227971869,270.08386741779265,-0.010245786741128301,-3.112502063802774,-107.83048876169573,-3662.7782189765385,0.9730952178319866,88.22459390064301,5.148123520068336,4.725073273832175,-3404.6312729814076
87.5,47.5,-0.05476515590099464,269.99615972138247,-0.00635711791407768,-1.3583809544352674,-107.83048876169573,-3662.7782189765385,0.9730952178319866,88.22459390064301,5.279255777525804,2.1022476994003187,-3405.4528586497013
87.5,42.5,-0.0548697204077433,269.9621369581017,-0.004265836721740956,-0.6773236411873149,-107.83048876169573,-3662.7782189765385,0.9730952178319866,88.22459390064301,5.328746326432619,1.1125980961241784,-3405.7439964374175
87.5,37.5,-0.054929621677622144,269.9471973884805,-0.0030678098965601225,-0.37850323265857605,-107.83048876169573,-3662.7782189765385,0.9730952178319866,88.22459390064301,5.35082586218675,0.6713905946453372,-3405.878105438679
87.5,32.5,-0.0549656631780585,269.9399036517408,-0.0023469810613204623,-0.23306847018713625,-107.83048876169573,-3662.7782189765385,0.9730952178319866,88.22459390064301,5.362000915892352,0.4476926587322054,-3405.9518025078205
87.5,27.5,-0.054988057918578845,269.9360364063973,-0.0018990831152916115,-0.15603727489805438,-107.83048876169573,-3662.7782189765385,0.9730952178319866,88.22459390064301,5.368194094385688,0.32346434182926254,-3405.9962481930793
87.5,22.5,-0.05500209863060407,269.93388106620904,-0.0016182727441213967,-0.11243260169045785,-107.83048876169573,-3662.7782189765385,0.9730952178319866,88.22459390064301,5.371858510454642,0.2500495378890872,-3406.0242824782717
87.5,17.5,-0.05501062796289779,269.93256959865283,-0.0014476836423742668,-0.08653828861955742,-107.83048876169573,-3662.7782189765385,0.9730952178319866,88.22459390064301,5.374144058251034,0.20509186381289052,-3406.042209699267
87.5,12.5,-0.05501517667088569,269.9317692949276,-0.001356708153226704,-0.07076673360497034,-107.83048876169573,-3662.7782189765385,0.9730952178319866,88.22459390064301,5.375488800384778,0.17748886512300963,-3406.0534102777533
87.5,7.5,-0.055016498532059095,269.9313115947213,-0.0013302729000208438,-0.06125686773380016,-107.83048876169573,-3662.7782189765385,0.9730952178319866,88.22459390064301,5.3763184486057956,0.16147677015751033,-3406.0595154454404
87.5,2.5,-0.05501481086638959,269.9310362480316,-0.0013640274475340676,-0.05600321182001115,-107.83048876169573,-3662.7782189765385,0.9730952178319866,88.22459390064301,5.376658673610298,0.1541011994103763,-3406.061604548841

